auc,accuracy,precision,recall,f1,n_samples,positive_rate
1.0,0.7333333333333333,1.0,0.7142857142857143,0.8333333333333334,15,0.9333333333333333
